ativo,data,valor_fechamento,valor_abertura,valor_maximo,valor_minimo,variacao_percentual,volume_negociado
PGMN3,2025-09-26,3.61,3.6,3.63,3.51,0.0084,1110000
PGMN3,2025-09-25,3.58,3.58,3.63,3.55,0,1400000
PGMN3,2025-09-24,3.58,3.68,3.69,3.57,-1.92,1830000
PGMN3,2025-09-23,3.65,3.58,3.67,3.58,0.0224,1130000
PGMN3,2025-09-22,3.57,3.66,3.66,3.55,-1.11,1380000
PGMN3,2025-09-19,3.61,3.65,3.69,3.57,-0.82,2190000
PGMN3,2025-09-18,3.64,3.65,3.72,3.58,-0.27,1340000
PGMN3,2025-09-17,3.65,3.6,3.69,3.56,0.0224,1760000
PGMN3,2025-09-16,3.57,3.65,3.71,3.55,-2.19,1560000
PGMN3,2025-09-15,3.65,3.72,3.79,3.64,-4.45,1460000
PGMN3,2025-09-12,3.82,3.92,3.97,3.77,-4.02,1220000
PGMN3,2025-09-11,3.98,3.86,3.99,3.86,0.0258,614900
PGMN3,2025-09-10,3.88,3.88,3.95,3.86,-0.26,687300
PGMN3,2025-09-09,3.89,3.78,3.9,3.78,0.0237,719200
PGMN3,2025-09-08,3.8,3.85,3.86,3.76,-0.78,879000
PGMN3,2025-09-05,3.83,3.82,3.87,3.76,0.0132,1560000
PGMN3,2025-09-04,3.78,3.65,3.92,3.63,0.0559,3050000
PGMN3,2025-09-03,3.58,3.54,3.61,3.52,0.0028,1550000
PGMN3,2025-09-02,3.57,3.54,3.6,3.44,0.0085,1830000
PGMN3,2025-09-01,3.54,3.66,3.66,3.53,-2.21,2200000
PGMN3,2025-08-29,3.62,3.8,3.94,3.6,-3.72,5780000
PGMN3,2025-08-28,3.76,3.7,3.84,3.68,0.0273,1180000
PGMN3,2025-08-27,3.66,3.58,3.7,3.57,0.0167,414400
PGMN3,2025-08-26,3.6,3.63,3.69,3.59,-1.37,500100
PGMN3,2025-08-25,3.65,3.72,3.75,3.63,-1.35,677800
PGMN3,2025-08-22,3.7,3.57,3.7,3.57,0.0393,524100
PGMN3,2025-08-21,3.56,3.57,3.58,3.51,-0.56,844700
PGMN3,2025-08-20,3.58,3.56,3.61,3.54,0,498800
PGMN3,2025-08-19,3.58,3.64,3.66,3.57,-2.72,570800
PGMN3,2025-08-18,3.68,3.65,3.71,3.62,0.0138,406600
PGMN3,2025-08-15,3.63,3.59,3.65,3.53,0.014,779800
PGMN3,2025-08-14,3.58,3.68,3.7,3.58,-2.72,897600
PGMN3,2025-08-13,3.68,3.77,3.78,3.64,-2.65,783400
PGMN3,2025-08-12,3.78,3.77,3.81,3.69,0.0053,934000
PGMN3,2025-08-11,3.76,3.71,3.87,3.71,-1.57,657800
PGMN3,2025-08-08,3.82,3.94,3.96,3.81,-2.3,630000
PGMN3,2025-08-07,3.91,3.94,4.02,3.86,-0.51,841600
PGMN3,2025-08-06,3.93,3.92,3.98,3.85,0.0155,976400
PGMN3,2025-08-05,3.87,4.07,4.1,3.72,-0.77,3380000
PGMN3,2025-08-04,3.9,3.99,4.01,3.85,-0.51,952700
PGMN3,2025-08-01,3.92,3.89,3.99,3.84,-0.25,1870000
PGMN3,2025-07-31,3.93,3.58,3.93,3.57,0.0767,2750000
PGMN3,2025-07-30,3.65,3.51,3.7,3.5,0.0224,1140000
PGMN3,2025-07-29,3.57,3.45,3.57,3.45,0.02,1570000
PGMN3,2025-07-28,3.5,3.43,3.51,3.34,0.0057,775300
PGMN3,2025-07-25,3.48,3.46,3.54,3.45,0.0058,276200
PGMN3,2025-07-24,3.46,3.48,3.54,3.46,-2.54,395100
PGMN3,2025-07-23,3.55,3.52,3.57,3.44,0.0057,608800
PGMN3,2025-07-22,3.53,3.41,3.59,3.41,0.0262,1340000
PGMN3,2025-07-21,3.44,3.39,3.45,3.39,0.0088,481200
PGMN3,2025-07-18,3.41,3.47,3.47,3.36,-1.73,796800
PGMN3,2025-07-17,3.47,3.44,3.47,3.38,0.0087,921100
PGMN3,2025-07-16,3.44,3.29,3.44,3.29,0.033,1010000
PGMN3,2025-07-15,3.33,3.27,3.33,3.27,0.0278,863400
PGMN3,2025-07-14,3.24,3.31,3.34,3.24,-2.99,996300
PGMN3,2025-07-11,3.34,3.37,3.37,3.3,-1.18,676500
PGMN3,2025-07-10,3.38,3.38,3.4,3.32,0,481000
PGMN3,2025-07-09,3.38,3.38,3.43,3.34,-0.88,615000
PGMN3,2025-07-08,3.41,3.36,3.43,3.31,0.0271,1990000
PGMN3,2025-07-07,3.32,3.39,3.39,3.29,-2.06,1360000
PGMN3,2025-07-04,3.39,3.4,3.4,3.35,-0.29,417500
PGMN3,2025-07-03,3.4,3.4,3.4,3.34,0.0089,1070000
PGMN3,2025-07-02,3.37,3.41,3.42,3.33,-1.17,995300
PGMN3,2025-07-01,3.41,3.43,3.46,3.38,-1.16,1130000
PGMN3,2025-06-30,3.45,3.43,3.47,3.4,0.0058,1000000
PGMN3,2025-06-27,3.43,3.49,3.54,3.43,-1.72,787800
PGMN3,2025-06-26,3.49,3.43,3.57,3.42,0.0205,792700
PGMN3,2025-06-25,3.42,3.52,3.57,3.42,-2.01,807100
PGMN3,2025-06-24,3.49,3.35,3.49,3.35,0.0325,680000
PGMN3,2025-06-23,3.38,3.4,3.41,3.3,-1.46,732100
PGMN3,2025-06-20,3.43,3.4,3.46,3.37,0.0029,723500
PGMN3,2025-06-18,3.42,3.42,3.47,3.39,-0.58,689400
PGMN3,2025-06-17,3.44,3.44,3.51,3.41,0,749800
PGMN3,2025-06-16,3.44,3.33,3.5,3.33,0.0299,1110000
PGMN3,2025-06-13,3.34,3.35,3.42,3.33,-1.18,612000
PGMN3,2025-06-12,3.38,3.37,3.39,3.3,0.003,689900
PGMN3,2025-06-11,3.37,3.32,3.42,3.26,0.0151,1110000
PGMN3,2025-06-10,3.32,3.35,3.4,3.29,0.003,1170000
PGMN3,2025-06-09,3.31,3.41,3.42,3.31,-3.5,916900
PGMN3,2025-06-06,3.43,3.48,3.5,3.37,-0.58,568400
PGMN3,2025-06-05,3.45,3.59,3.6,3.45,-3.09,288400
PGMN3,2025-06-04,3.56,3.57,3.62,3.54,-0.28,542000
PGMN3,2025-06-03,3.57,3.48,3.57,3.47,0.02,637000
PGMN3,2025-06-02,3.5,3.48,3.57,3.43,0.0057,786200
PGMN3,2025-05-30,3.48,3.57,3.6,3.46,-2.79,1400000
PGMN3,2025-05-29,3.58,3.61,3.64,3.48,-0.56,953100
PGMN3,2025-05-28,3.6,3.45,3.63,3.45,0.0375,1250000
PGMN3,2025-05-27,3.47,3.37,3.52,3.37,0.0266,1030000
PGMN3,2025-05-26,3.38,3.32,3.41,3.3,0.0181,840400
PGMN3,2025-05-23,3.32,3.25,3.37,3.24,-0.6,823200
PGMN3,2025-05-22,3.34,3.23,3.39,3.22,0.0245,1710000
PGMN3,2025-05-21,3.26,3.31,3.34,3.25,-2.4,1030000
PGMN3,2025-05-20,3.34,3.36,3.38,3.26,-1.76,984200
PGMN3,2025-05-19,3.4,3.36,3.43,3.32,0,1130000
PGMN3,2025-05-16,3.4,3.34,3.4,3.32,0.021,966100
PGMN3,2025-05-15,3.33,3.39,3.44,3.3,-0.3,1250000
PGMN3,2025-05-14,3.34,3.35,3.4,3.34,-1.47,457600
PGMN3,2025-05-13,3.39,3.32,3.44,3.29,0.0335,1100000
PGMN3,2025-05-12,3.28,3.46,3.5,3.24,-5.48,1740000
PGMN3,2025-05-09,3.47,3.5,3.52,3.41,0,641900
PGMN3,2025-05-08,3.47,3.51,3.6,3.47,-0.86,900300
PGMN3,2025-05-07,3.5,3.36,3.58,3.36,0.0448,1620000
PGMN3,2025-05-06,3.35,3.45,3.47,3.33,0.0276,1890000
PGMN3,2025-05-05,3.26,3.31,3.31,3.17,-0.31,538800
PGMN3,2025-05-02,3.27,3.26,3.32,3.25,-0.91,484700
PGMN3,2025-04-30,3.3,3.4,3.43,3.3,-3.23,823500
PGMN3,2025-04-29,3.41,3.4,3.48,3.37,0,598000
PGMN3,2025-04-28,3.41,3.42,3.42,3.33,0.0089,779500
PGMN3,2025-04-25,3.38,3.38,3.43,3.33,-1.46,455200
PGMN3,2025-04-24,3.43,3.32,3.46,3.29,0.0394,763700
PGMN3,2025-04-23,3.3,3.28,3.37,3.28,0.0154,580600
PGMN3,2025-04-22,3.25,3.29,3.42,3.25,-0.91,1070000
PGMN3,2025-04-17,3.28,3.23,3.3,3.22,0.0155,430600
PGMN3,2025-04-16,3.23,3.26,3.33,3.23,-1.52,695900
PGMN3,2025-04-15,3.28,3.38,3.4,3.24,-4.37,823000
PGMN3,2025-04-14,3.43,3.45,3.5,3.37,0,694800
PGMN3,2025-04-11,3.43,3.38,3.45,3.35,0.0239,589800
PGMN3,2025-04-10,3.35,3.38,3.42,3.32,-0.89,691200
PGMN3,2025-04-09,3.38,3.16,3.4,3.12,0.0497,1430000
PGMN3,2025-04-08,3.22,3.2,3.3,3.15,0.0062,1060000
PGMN3,2025-04-07,3.2,3.17,3.24,3.04,0.0031,1690000
PGMN3,2025-04-04,3.19,3.41,3.46,3.19,-8.07,1340000
PGMN3,2025-04-03,3.47,3.33,3.51,3.33,0.0206,1460000
PGMN3,2025-04-02,3.4,3.42,3.45,3.35,0,1960000
PGMN3,2025-04-01,3.4,3.19,3.41,3.13,0.0794,2330000
PGMN3,2025-03-31,3.15,3.17,3.22,3.1,-1.25,2310000
PGMN3,2025-03-28,3.19,3.12,3.22,3.11,0,1230000
PGMN3,2025-03-27,3.19,3.17,3.26,3.15,0.0063,1680000
PGMN3,2025-03-26,3.17,3.19,3.26,3.13,0.0032,852000
PGMN3,2025-03-25,3.16,3.16,3.24,3.13,-0.32,911000
PGMN3,2025-03-24,3.17,3.14,3.2,3.13,-0.63,517800
PGMN3,2025-03-21,3.19,3.16,3.22,3.14,0.0095,499200
PGMN3,2025-03-20,3.16,3.2,3.26,3.13,-2.77,793900
PGMN3,2025-03-19,3.25,3.06,3.25,3.05,0.0621,2890000
PGMN3,2025-03-18,3.06,3.09,3.14,3.05,-1.61,1240000
PGMN3,2025-03-17,3.11,3.1,3.16,3.05,0.0163,1570000
PGMN3,2025-03-14,3.06,2.96,3.18,2.95,0.0303,3280000
PGMN3,2025-03-13,2.97,2.99,3,2.88,0.0206,1660000
PGMN3,2025-03-12,2.91,2.84,3.08,2.84,0.0393,4730000
PGMN3,2025-03-11,2.8,3.16,3.25,2.7,-9.68,9320000
PGMN3,2025-03-10,3.1,2.94,3.1,2.94,0.0231,1260000
PGMN3,2025-03-07,3.03,2.91,3.08,2.85,0.0484,2080000
PGMN3,2025-03-06,2.89,2.79,2.93,2.79,0.0396,801600
PGMN3,2025-03-05,2.78,2.8,2.82,2.76,-1.42,486600
PGMN3,2025-02-28,2.82,2.86,2.91,2.77,-2.42,796400
PGMN3,2025-02-27,2.89,2.88,2.95,2.83,0.007,1080000
PGMN3,2025-02-26,2.87,2.97,2.97,2.82,-1.71,1170000
PGMN3,2025-02-25,2.92,2.9,2.96,2.9,0.0034,710000
PGMN3,2025-02-24,2.91,3.05,3.05,2.91,-5.21,1200000
PGMN3,2025-02-21,3.07,3.1,3.11,3.01,-0.65,1000000
PGMN3,2025-02-20,3.09,3.13,3.16,3.08,-1.59,897000
PGMN3,2025-02-19,3.14,3.17,3.25,3.14,-0.95,1210000
PGMN3,2025-02-18,3.17,3.3,3.33,3.13,-3.94,2120000
PGMN3,2025-02-17,3.3,3.26,3.43,3.26,-0.9,1350000
PGMN3,2025-02-14,3.33,3.25,3.35,3.23,0.0183,867100
PGMN3,2025-02-13,3.27,3.3,3.31,3.23,0.0031,785700
PGMN3,2025-02-12,3.26,3.29,3.37,3.24,-0.91,1790000
PGMN3,2025-02-11,3.29,3.1,3.32,3.1,0.0444,3000000
PGMN3,2025-02-10,3.15,3.09,3.16,3.05,0.0194,788400
PGMN3,2025-02-07,3.09,3.1,3.16,3.07,-2.22,1170000
PGMN3,2025-02-06,3.16,3.04,3.16,3.03,0.0194,1100000
PGMN3,2025-02-05,3.1,3.17,3.17,3.08,-0.64,640200
PGMN3,2025-02-04,3.12,3.13,3.19,3.07,0.0032,874000
PGMN3,2025-02-03,3.11,3.08,3.15,3.07,-1.27,1120000
PGMN3,2025-01-31,3.15,3.18,3.24,3.12,-0.94,1610000
PGMN3,2025-01-30,3.18,3.09,3.19,3.09,0.0291,1490000
PGMN3,2025-01-29,3.09,3,3.11,2.99,0.03,997200
PGMN3,2025-01-28,3,3.04,3.05,2.98,-1.64,763300
PGMN3,2025-01-27,3.05,3.06,3.09,3.01,-0.33,1390000
PGMN3,2025-01-24,3.06,3.13,3.2,3.06,-1.61,1600000
PGMN3,2025-01-23,3.11,3.18,3.25,3.11,-2.2,602500
PGMN3,2025-01-22,3.18,3.08,3.26,3.04,0.0358,3020000
PGMN3,2025-01-21,3.07,2.99,3.08,2.9,0.0193,2780000
PGMN3,2025-01-20,3.01,3.09,3.13,2.98,-2.67,2150000
PGMN3,2025-01-17,3.09,3.12,3.14,3.03,-1.46,2020000
PGMN3,2025-01-16,3.14,3.2,3.2,3.1,-0.29,1020000
PGMN3,2025-01-15,3.15,3.17,3.2,3.09,0.0088,1500000
PGMN3,2025-01-14,3.12,3.09,3.18,3.06,-7.08,1510000
PGMN3,2025-01-13,3.36,3.28,3.4,3.27,0.0307,1290000
PGMN3,2025-01-10,3.26,3.31,3.36,3.22,-1.51,663800
PGMN3,2025-01-09,3.31,3.35,3.38,3.29,-0.6,370600
PGMN3,2025-01-08,3.33,3.39,3.41,3.26,-2.63,840600
PGMN3,2025-01-07,3.42,3.26,3.49,3.26,0.0427,1330000
PGMN3,2025-01-06,3.28,3.11,3.36,3.07,0.0825,1800000
PGMN3,2025-01-03,3.03,3.13,3.16,3.03,-3.19,883500
PGMN3,2025-01-02,3.13,3.18,3.18,3.07,-0.95,1000000
PGMN3,2024-12-30,3.16,3.11,3.19,3.06,0.0161,511600
PGMN3,2024-12-27,3.11,3.13,3.15,3.05,0.0032,684000
PGMN3,2024-12-26,3.1,3.16,3.17,3.07,-2.52,802300
PGMN3,2024-12-23,3.18,3.23,3.28,3.09,-2.15,622800
PGMN3,2024-12-20,3.25,3.15,3.28,3.13,0.035,1410000
PGMN3,2024-12-19,3.14,3,3.15,2.98,0.0537,924200
PGMN3,2024-12-18,2.98,3.15,3.18,2.97,-4.49,1700000
PGMN3,2024-12-17,3.12,3.17,3.19,3.05,0.0331,646000
PGMN3,2024-12-16,3.02,3.09,3.21,3.02,-2.27,730800
PGMN3,2024-12-13,3.09,3.18,3.24,3.09,-2.52,594700
PGMN3,2024-12-12,3.17,3.38,3.38,3.13,-8.65,795800
PGMN3,2024-12-11,3.47,3.26,3.47,3.19,0.071,1080000
PGMN3,2024-12-10,3.24,3.08,3.24,3.08,0.0519,593500
PGMN3,2024-12-09,3.08,3.1,3.22,3.07,-0.65,443300
PGMN3,2024-12-06,3.1,3.21,3.23,3.07,-3.43,625600
PGMN3,2024-12-05,3.21,3.22,3.31,3.17,0.019,606600
PGMN3,2024-12-04,3.15,3.2,3.25,3.15,-2.17,619000
PGMN3,2024-12-03,3.22,3.38,3.43,3.21,-4.45,851800
PGMN3,2024-12-02,3.37,3.46,3.49,3.31,-1.17,1230000
PGMN3,2024-11-29,3.41,3.34,3.41,3.23,0.021,1200000
PGMN3,2024-11-28,3.34,3.62,3.62,3.33,-7.22,1930000
PGMN3,2024-11-27,3.6,3.68,3.74,3.57,-2.17,2070000
PGMN3,2024-11-26,3.68,3.49,3.83,3.47,0.0544,2910000
PGMN3,2024-11-25,3.49,3.36,3.57,3.36,0.0576,1980000
PGMN3,2024-11-22,3.3,3.25,3.35,3.18,0.0312,1190000
PGMN3,2024-11-21,3.2,3.28,3.28,3.18,-2.14,863200
PGMN3,2024-11-19,3.27,3.13,3.31,3.1,0.0315,973100
PGMN3,2024-11-18,3.17,3.13,3.19,3.05,0.0128,1080000
PGMN3,2024-11-14,3.13,3.17,3.25,3.09,-2.19,608300
PGMN3,2024-11-13,3.2,3.23,3.23,3.13,0,559200
PGMN3,2024-11-12,3.2,3.21,3.3,3.18,-1.84,593600
PGMN3,2024-11-11,3.26,3.19,3.26,3.13,0.0284,530800
PGMN3,2024-11-08,3.17,3.25,3.28,3.14,-4.23,986300
PGMN3,2024-11-07,3.31,3.36,3.42,3.26,-1.49,772600
PGMN3,2024-11-06,3.36,3.34,3.41,3.24,0.006,1200000
PGMN3,2024-11-05,3.34,3.22,3.38,3.1,0.0809,3480000
PGMN3,2024-11-04,3.09,2.85,3.09,2.83,0.0919,1540000
PGMN3,2024-11-01,2.83,2.87,2.9,2.82,-1.39,624600
PGMN3,2024-10-31,2.87,2.86,2.95,2.85,0.0141,873000
PGMN3,2024-10-30,2.83,2.84,2.89,2.82,-1.05,222200
PGMN3,2024-10-29,2.86,2.83,2.88,2.8,0.007,237700
PGMN3,2024-10-28,2.84,2.83,2.89,2.82,0.0071,440500
PGMN3,2024-10-25,2.82,2.86,2.93,2.82,-1.4,214600
PGMN3,2024-10-24,2.86,2.82,2.88,2.77,0.0142,374000
PGMN3,2024-10-23,2.82,2.79,2.82,2.77,0.0108,121000
PGMN3,2024-10-22,2.79,2.82,2.84,2.78,-2.11,219100
PGMN3,2024-10-21,2.85,2.86,2.86,2.8,0.0071,159000
PGMN3,2024-10-18,2.83,2.85,2.92,2.83,-1.39,147800
PGMN3,2024-10-17,2.87,2.88,2.92,2.85,-0.69,213800
PGMN3,2024-10-16,2.89,2.87,2.93,2.83,0.014,396400
PGMN3,2024-10-15,2.85,2.85,2.93,2.83,0,632100
PGMN3,2024-10-14,2.85,2.68,2.85,2.68,0.0556,780200
PGMN3,2024-10-11,2.7,2.69,2.71,2.66,0.0037,294100
PGMN3,2024-10-10,2.69,2.7,2.76,2.69,-0.74,469700
PGMN3,2024-10-09,2.71,2.74,2.76,2.7,-1.45,396900
PGMN3,2024-10-08,2.75,2.71,2.76,2.67,0.0148,345000
PGMN3,2024-10-07,2.71,2.74,2.75,2.66,-1.09,432200
PGMN3,2024-10-04,2.74,2.62,2.74,2.61,0.0458,609300
PGMN3,2024-10-03,2.62,2.73,2.73,2.59,-3.68,543700
PGMN3,2024-10-02,2.72,2.67,2.75,2.66,0.0187,342300
PGMN3,2024-10-01,2.67,2.62,2.68,2.62,0.023,648800
PGMN3,2024-09-30,2.61,2.66,2.68,2.58,-1.51,315100
PGMN3,2024-09-27,2.65,2.65,2.7,2.63,0.0076,237500
PGMN3,2024-09-26,2.63,2.65,2.69,2.61,0,541200
RADL3,2025-09-26,17.79,17.85,17.93,17.63,0.0091,6850000
RADL3,2025-09-25,17.63,18.17,18.17,17.62,-3.56,5650000
RADL3,2025-09-24,18.28,18.33,18.47,18.07,-0.11,7690000
RADL3,2025-09-23,18.3,17.55,18.52,17.5,0.0392,7390000
RADL3,2025-09-22,17.61,18,18.03,17.44,-2.81,7840000
RADL3,2025-09-19,18.12,18.19,18.28,17.71,-0.11,11370000
RADL3,2025-09-18,18.14,18.4,18.83,18.08,-2.21,7920000
RADL3,2025-09-17,18.55,17.5,18.73,17.44,0.0606,16440000
RADL3,2025-09-16,17.49,17.48,17.5,17.32,0.0081,10160000
RADL3,2025-09-15,17.35,17.94,17.96,17.27,-3.93,12240000
RADL3,2025-09-12,18.06,17.3,18.24,17.3,0.0285,10700000
RADL3,2025-09-11,17.56,17.6,17.8,17.22,0.0069,6770000
RADL3,2025-09-10,17.44,17.14,17.57,17.14,0.011,4850000
RADL3,2025-09-09,17.25,17.14,17.34,16.98,0.0129,9980000
RADL3,2025-09-08,17.03,17.44,17.55,16.73,-1.84,11430000
RADL3,2025-09-05,17.35,17.5,17.95,17.15,-0.46,8630000
RADL3,2025-09-04,17.43,17.03,17.44,17.01,0.0217,5030000
RADL3,2025-09-03,17.06,17.3,17.32,16.88,-1.9,8990000
RADL3,2025-09-02,17.39,17.24,17.8,17.16,-1.47,25440000
RADL3,2025-09-01,17.65,17.5,17.66,16.85,0.0057,19390000
RADL3,2025-08-29,17.55,18.74,19.16,17.55,-6.9,16330000
RADL3,2025-08-28,18.85,18.7,18.98,18.43,0.0124,6610000
RADL3,2025-08-27,18.62,18.29,18.62,18.18,0.0287,11990000
RADL3,2025-08-26,18.1,18.09,18.36,17.8,-0.06,9930000
RADL3,2025-08-25,18.11,18.76,18.86,18.11,-3,7680000
RADL3,2025-08-22,18.67,18.28,18.92,18.03,0.0225,8560000
RADL3,2025-08-21,18.26,17.8,18.38,17.8,0.0201,15130000
RADL3,2025-08-20,17.9,17.45,18,17.35,0.0317,12390000
RADL3,2025-08-19,17.35,17.3,17.51,17.07,-0.57,10980000
RADL3,2025-08-18,17.45,17.51,17.75,17.4,-0.11,3850000
RADL3,2025-08-15,17.47,17.69,17.88,17.14,-0.63,7680000
RADL3,2025-08-14,17.58,17.32,17.71,17.23,0.0034,6420000
RADL3,2025-08-13,17.52,17.59,17.71,17.46,-0.4,12810000
RADL3,2025-08-12,17.59,17.59,17.73,17.45,0.0121,7730000
RADL3,2025-08-11,17.38,17.48,17.82,17.26,-1.53,9510000
RADL3,2025-08-08,17.65,17.39,17.81,17.28,0.0028,14990000
RADL3,2025-08-07,17.6,17.61,17.98,17.27,-1.12,29350000
RADL3,2025-08-06,17.8,16.5,18.07,16.5,0.1867,52050000
RADL3,2025-08-05,15,15.01,15.23,14.61,0.0087,16570000
RADL3,2025-08-04,14.87,14,14.95,13.88,0.0854,16220000
RADL3,2025-08-01,13.7,13.57,13.75,13.52,0.0171,6590000
RADL3,2025-07-31,13.47,13.41,13.58,13.07,-0.59,7960000
RADL3,2025-07-30,13.55,13.83,13.95,13.37,-2.17,8250000
RADL3,2025-07-29,13.85,13.75,13.95,13.71,0.0044,4390000
RADL3,2025-07-28,13.79,14.04,14.2,13.69,-1.78,3260000
RADL3,2025-07-25,14.04,14.33,14.38,13.95,-1.34,4600000
RADL3,2025-07-24,14.23,14.13,14.3,14.02,0.0042,7320000
RADL3,2025-07-23,14.17,14,14.26,13.85,0.0093,6380000
RADL3,2025-07-22,14.04,13.95,14.32,13.86,0.0021,8600000
RADL3,2025-07-21,14.01,13.7,14.08,13.61,0.0355,8960000
RADL3,2025-07-18,13.53,13.8,13.94,13.53,-3.43,8910000
RADL3,2025-07-17,14.01,13.8,14.11,13.58,0.0152,11190000
RADL3,2025-07-16,13.8,13.43,13.85,13.23,0.0329,9170000
RADL3,2025-07-15,13.36,13.64,13.78,13.36,-1.98,6880000
RADL3,2025-07-14,13.63,13.74,13.95,13.52,-1.02,6170000
RADL3,2025-07-11,13.77,13.94,13.94,13.64,-1.22,9520000
RADL3,2025-07-10,13.94,13.69,14.15,13.5,0.0094,22330000
RADL3,2025-07-09,13.81,14.2,14.45,13.65,-2.75,16540000
RADL3,2025-07-08,14.2,15.05,15.09,13.98,-3.79,14500000
RADL3,2025-07-07,14.76,15.15,15.41,14.7,-3.53,13890000
RADL3,2025-07-04,15.3,15.18,15.36,14.96,0.0104,5160000
RADL3,2025-07-03,15.14,15.09,15.35,14.97,0.0066,8170000
RADL3,2025-07-02,15.04,15.09,15.3,14.92,-0.46,19390000
RADL3,2025-07-01,15.11,15.1,15.21,14.76,0.0046,7580000
RADL3,2025-06-30,15.04,14.97,15.22,14.86,0.0087,9830000
RADL3,2025-06-27,14.91,15.05,15.24,14.9,-2.14,11350000
RADL3,2025-06-26,15.24,15.65,15.96,15.22,-1.68,16570000
RADL3,2025-06-25,15.5,14.87,15.78,14.71,0.0326,19720000
RADL3,2025-06-24,15.01,14.6,15.17,14.51,0.0345,9250000
RADL3,2025-06-23,14.51,13.98,14.58,13.77,0.0364,8280000
RADL3,2025-06-20,14,14.24,14.56,14,-2.23,16360000
RADL3,2025-06-18,14.32,14.51,14.65,14.1,0.0149,25420000
RADL3,2025-06-17,14.11,14.16,14.33,13.93,0.0028,15780000
RADL3,2025-06-16,14.07,14,14.38,13.92,0.0137,6220000
RADL3,2025-06-13,13.88,14.5,14.53,13.88,-5.06,8140000
RADL3,2025-06-12,14.62,14.33,14.78,14.14,0.0195,8670000
RADL3,2025-06-11,14.34,14.65,14.68,14.3,-2.85,8280000
RADL3,2025-06-10,14.76,14.71,15.2,14.3,0.0034,12450000
RADL3,2025-06-09,14.71,14.84,15.11,14.42,-2.9,12470000
RADL3,2025-06-06,15.15,15.03,15.53,15,0.0127,13500000
RADL3,2025-06-05,14.96,14.53,15.19,14.53,0.031,11960000
RADL3,2025-06-04,14.51,14.29,14.68,14,0.024,24380000
RADL3,2025-06-03,14.17,14.42,14.56,13.91,-1.39,8840000
RADL3,2025-06-02,14.37,14.99,15.04,14.36,-3.23,8730000
RADL3,2025-05-30,14.85,14.94,14.97,14.45,0.0007,47260000
RADL3,2025-05-29,14.84,14.93,14.95,14.65,-0.74,16110000
RADL3,2025-05-28,14.95,15.15,15.32,14.85,-0.33,16030000
RADL3,2025-05-27,15,14.59,15.05,14.57,0.0302,20330000
RADL3,2025-05-26,14.56,14.8,14.88,14.48,-0.75,5140000
RADL3,2025-05-23,14.67,14.31,14.67,14.15,0.0152,8630000
RADL3,2025-05-22,14.45,14.21,14.89,14.19,0.0147,12890000
RADL3,2025-05-21,14.24,14.84,14.89,14.06,-4.11,12570000
RADL3,2025-05-20,14.85,14.79,14.85,14.28,0.0034,10810000
RADL3,2025-05-19,14.8,15.22,15.22,14.5,-2.76,15330000
RADL3,2025-05-16,15.22,15.22,15.46,15.01,-0.52,16620000
RADL3,2025-05-15,15.3,15.15,15.53,15,0.0079,13190000
RADL3,2025-05-14,15.18,16.2,16.21,14.95,-6.3,17370000
RADL3,2025-05-13,16.2,16.01,16.5,15.98,0.0087,10320000
RADL3,2025-05-12,16.06,15.54,16.06,15.23,0.0361,12000000
RADL3,2025-05-09,15.5,16.45,16.46,15.14,-4.97,30480000
RADL3,2025-05-08,16.31,16.8,17.63,16.06,-1.63,47310000
RADL3,2025-05-07,16.58,17.9,18.28,16.55,-14.76,24760000
RADL3,2025-05-06,19.45,20.03,20.15,19.21,-2.56,7920000
RADL3,2025-05-05,19.96,20.05,20.15,19.88,-0.2,5700000
RADL3,2025-05-02,20,19.81,20.17,19.61,0.0081,8070000
RADL3,2025-04-30,19.84,19.89,20,19.55,-0.25,6510000
RADL3,2025-04-29,19.89,19.84,20,19.72,0.0005,6490000
RADL3,2025-04-28,19.88,20.09,20.23,19.7,-0.8,5250000
RADL3,2025-04-25,20.04,20.08,20.35,19.78,0,6710000
RADL3,2025-04-24,20.04,20.15,20.3,19.56,-1.33,10040000
RADL3,2025-04-23,20.31,20.28,20.82,20.13,0.0078,11110000
RADL3,2025-04-22,20.15,20.16,20.41,19.82,-2.61,8900000
RADL3,2025-04-17,20.69,21.17,21.17,20.11,-3.05,8650000
RADL3,2025-04-16,21.34,22.6,22.6,21.3,-6.4,19900000
RADL3,2025-04-15,22.8,21.3,22.8,21.3,0.0634,19420000
RADL3,2025-04-14,21.44,21.76,21.76,21.13,0.0028,6160000
RADL3,2025-04-11,21.38,20.73,21.77,20.56,0.0384,10220000
RADL3,2025-04-10,20.59,21,21.74,20.4,-2.79,15600000
RADL3,2025-04-09,21.18,19.38,21.23,19.25,0.0929,17240000
RADL3,2025-04-08,19.38,19.34,19.88,19.2,-0.1,13240000
RADL3,2025-04-07,19.4,19.42,20.08,19,-0.67,9700000
RADL3,2025-04-04,19.53,19.83,19.83,19.21,-1.62,11890000
RADL3,2025-04-03,19.85,19.43,20.11,19.36,0.0226,7440000
RADL3,2025-04-02,19.41,19.02,19.41,18.98,0.0247,7350000
RADL3,2025-04-01,18.94,19.02,19.2,18.81,-0.21,6620000
RADL3,2025-03-31,18.98,19.18,19.2,18.94,-1.5,7620000
RADL3,2025-03-28,19.27,19.13,19.46,18.88,0.0038,7840000
RADL3,2025-03-27,19.2,19.17,19.47,19.1,0.0016,11300000
RADL3,2025-03-26,19.17,19.26,19.33,18.74,-0.05,8900000
RADL3,2025-03-25,19.18,19.8,19.82,18.84,-2.54,15440000
RADL3,2025-03-24,19.68,19.93,19.96,19.6,-0.61,9420000
RADL3,2025-03-21,19.8,19.66,19.81,19.51,0.0092,13830000
RADL3,2025-03-20,19.62,19.77,19.8,19.49,-1.01,7070000
RADL3,2025-03-19,19.82,19.75,20.04,19.64,0.0092,7000000
RADL3,2025-03-18,19.64,19.97,19.99,19.64,-1.65,12100000
RADL3,2025-03-17,19.97,19.4,20.29,19.12,0.0412,13440000
RADL3,2025-03-14,19.18,18.7,19.36,18.59,0.0295,14640000
RADL3,2025-03-13,18.63,18.58,18.87,18.41,0.0027,20900000
RADL3,2025-03-12,18.58,17.73,18.58,17.68,0.0503,12200000
RADL3,2025-03-11,17.69,17.72,17.89,17.44,-0.79,12460000
RADL3,2025-03-10,17.83,17.71,17.94,17.57,0.0011,13110000
RADL3,2025-03-07,17.81,17.67,18.02,17.43,0,15850000
RADL3,2025-03-06,17.81,17.77,17.92,17.43,-0.11,23940000
RADL3,2025-03-05,17.83,17.9,18.15,17.74,0.0259,24420000
RADL3,2025-02-28,17.38,17.75,18.5,17.15,-5.8,25750000
RADL3,2025-02-27,18.45,18.33,18.59,18.19,0.0087,7650000
RADL3,2025-02-26,18.29,18.29,18.29,17.49,-0.65,24320000
RADL3,2025-02-25,18.41,18.98,19.1,18.41,-2.59,7690000
RADL3,2025-02-24,18.9,19.23,19.47,18.71,-0.84,10370000
RADL3,2025-02-21,19.06,19.38,19.4,18.99,-1.55,5230000
RADL3,2025-02-20,19.36,18.82,19.4,18.7,0.0265,9330000
RADL3,2025-02-19,18.86,19.04,19.14,18.64,-1.82,6330000
RADL3,2025-02-18,19.21,19.83,19.83,19.02,-2.49,13830000
RADL3,2025-02-17,19.7,20.09,20.29,19.38,-1.5,5680000
RADL3,2025-02-14,20,19.73,20.16,19.62,0.0251,5340000
RADL3,2025-02-13,19.51,19.63,19.71,19.19,-0.61,8430000
RADL3,2025-02-12,19.63,19.74,19.76,19.27,-1.75,8250000
RADL3,2025-02-11,19.98,19.87,20.29,19.66,0.0106,12650000
RADL3,2025-02-10,19.77,20.39,20.58,19.52,-1.74,9140000
RADL3,2025-02-07,20.12,20.2,20.42,19.91,0.006,8570000
RADL3,2025-02-06,20,19.94,20,19.68,0.0127,13520000
RADL3,2025-02-05,19.75,20.17,20.17,19.59,-1.59,17840000
RADL3,2025-02-04,20.07,20.52,20.61,20.07,-2.24,6140000
RADL3,2025-02-03,20.53,21.15,21.15,20.26,-2.66,10620000
RADL3,2025-01-31,21.09,22.07,22.29,21.09,-4.35,15290000
RADL3,2025-01-30,22.05,21.46,22.05,21.4,0.028,7130000
RADL3,2025-01-29,21.45,21.07,21.55,21.02,0.0214,8880000
RADL3,2025-01-28,21,20.83,21.3,20.8,0.0145,6970000
RADL3,2025-01-27,20.7,20.35,20.81,20.09,-0.38,16780000
RADL3,2025-01-24,20.78,20.83,21.08,20.78,-0.53,4800000
RADL3,2025-01-23,20.89,21,21.27,20.81,-0.1,9410000
RADL3,2025-01-22,20.91,22,22.12,20.74,-4.52,15350000
RADL3,2025-01-21,21.9,21.41,21.93,21.34,0.021,5390000
RADL3,2025-01-20,21.45,21.11,21.55,21.03,0.0104,3710000
RADL3,2025-01-17,21.23,20.8,21.33,20.68,0.0207,6880000
RADL3,2025-01-16,20.8,21.43,21.56,20.76,-3.48,8470000
RADL3,2025-01-15,21.55,21.37,21.78,21.03,0.0242,5230000
RADL3,2025-01-14,21.04,20.83,21.05,20.36,0.0043,11220000
RADL3,2025-01-13,20.95,20.94,21.17,20.65,-0.1,8330000
RADL3,2025-01-10,20.97,21.02,21.08,20.2,-0.62,10620000
RADL3,2025-01-09,21.1,21.01,21.18,20.72,-0.14,5270000
RADL3,2025-01-08,21.13,21.14,21.31,20.66,-1.03,7900000
RADL3,2025-01-07,21.35,22,22.11,21.1,-2.56,6910000
RADL3,2025-01-06,21.91,20.84,21.91,20.76,0.0534,13150000
RADL3,2025-01-03,20.8,21.78,21.87,20.75,-4.41,8900000
RADL3,2025-01-02,21.76,21.86,22.2,21.37,-1.09,7930000
RADL3,2024-12-30,22,21.96,22.66,21.94,0,7640000
RADL3,2024-12-27,22,22.7,22.74,21.82,-2.4,7360000
RADL3,2024-12-26,22.54,22.5,22.89,22.42,-0.35,6450000
RADL3,2024-12-23,22.62,22.64,23.13,22.38,-0.57,6660000
RADL3,2024-12-20,22.75,22.52,23.17,22.52,0.0026,23060000
RADL3,2024-12-19,22.69,22.32,22.92,22.28,0.0166,9420000
RADL3,2024-12-18,22.32,23.75,23.76,22.32,-6.45,12550000
RADL3,2024-12-17,23.86,23.41,24.13,23.31,0.024,13670000
RADL3,2024-12-16,23.3,23.6,23.78,23.25,-1.27,7970000
RADL3,2024-12-13,23.6,24.49,24.55,23.56,-4.3,9800000
RADL3,2024-12-12,24.66,24.86,25.26,24.46,-2.14,16270000
RADL3,2024-12-11,25.2,24.69,25.6,24.27,0.029,9160000
RADL3,2024-12-10,24.49,24.43,24.64,24.18,0.012,5800000
RADL3,2024-12-09,24.2,23.93,24.33,23.93,0.0025,5840000
RADL3,2024-12-06,24.14,24.55,24.66,23.9,-2.27,6790000
RADL3,2024-12-05,24.7,24.5,24.97,24.39,0.0091,5290000
RADL3,2024-12-04,24.48,23.97,24.64,23.96,0.0204,8840000
RADL3,2024-12-03,23.99,24.23,24.3,23.49,0,9140000
RADL3,2024-12-02,23.99,23.98,24.33,23.74,0.0008,8490000
RADL3,2024-11-29,23.97,24.43,24.58,23.8,-2,15240000
RADL3,2024-11-28,24.46,24.65,24.85,24.23,-1.53,4010000
RADL3,2024-11-27,24.84,25.66,25.84,24.76,-3.15,6760000
RADL3,2024-11-26,25.64,25.37,26.06,25.14,0.0174,5180000
RADL3,2024-11-25,25.21,26.07,26.1,25.17,-2.84,14150000
RADL3,2024-11-22,25.94,25.5,26.02,25.18,0.0256,4510000
RADL3,2024-11-21,25.3,25.42,25.51,25.15,-1.59,5850000
RADL3,2024-11-19,25.7,25.5,26.09,25.36,0.0035,3240000
RADL3,2024-11-18,25.61,25.1,25.85,25.09,0.0102,4870000
RADL3,2024-11-14,25.36,25.42,25.7,25.18,-1.09,4610000
RADL3,2024-11-13,25.63,24.98,25.83,24.89,0.0194,9200000
RADL3,2024-11-12,25.15,25.14,25.6,25.14,-0.94,8470000
RADL3,2024-11-11,25.39,25.38,25.42,24.89,0.0004,6070000
RADL3,2024-11-08,25.38,24.89,25.42,24.7,-0.66,10600000
RADL3,2024-11-07,25.54,25.38,25.96,25.22,0.0043,8080000
RADL3,2024-11-06,25.43,25.43,25.91,24.86,-1.7,11280000
RADL3,2024-11-05,25.87,24.96,26.28,24.95,0.0306,8530000
RADL3,2024-11-04,25.11,24.53,25.16,24.21,0.0362,6050000
RADL3,2024-11-01,24.23,24.38,24.5,24.15,-0.16,5080000
RADL3,2024-10-31,24.27,24.33,24.52,24.23,-1.06,6060000
RADL3,2024-10-30,24.53,23.86,24.57,23.76,0.0259,5160000
RADL3,2024-10-29,23.91,24.35,24.41,23.77,-1.8,5910000
RADL3,2024-10-28,24.35,24.71,24.76,24.27,-0.08,1860000
RADL3,2024-10-25,24.37,24.83,25,24.36,-2.24,6030000
RADL3,2024-10-24,24.93,24.53,24.96,24.43,0.0142,5370000
RADL3,2024-10-23,24.58,24.86,25.21,24.49,-2.41,5550000
RADL3,2024-10-22,25.19,25,25.36,24.89,-0.32,6630000
RADL3,2024-10-21,25.27,25.04,25.67,24.88,0.0072,8290000
RADL3,2024-10-18,25.09,25.39,25.39,24.68,-0.71,6760000
RADL3,2024-10-17,25.27,25.23,25.48,25.14,-0.98,6590000
RADL3,2024-10-16,25.51,24.7,25.57,24.48,0.0294,10760000
RADL3,2024-10-15,24.79,24.91,25.11,24.72,0.0069,5210000
RADL3,2024-10-14,24.62,25.03,25.13,24.62,0.0127,7460000
RADL3,2024-10-11,24.31,24.43,24.57,24.03,-0.85,4100000
RADL3,2024-10-10,24.52,24.81,24.91,24.44,-1.48,3560000
RADL3,2024-10-09,24.89,24.68,24.94,24.43,0.0008,7400000
RADL3,2024-10-08,24.87,24.94,25.26,24.86,-0.68,4910000
RADL3,2024-10-07,25.04,25.49,25.52,24.67,-1.06,7900000
RADL3,2024-10-04,25.31,25.24,25.47,25.04,-0.59,6320000
RADL3,2024-10-03,25.46,25.79,25.92,25.46,-2.43,7400000
RADL3,2024-10-02,26.09,26.56,26.56,25.9,0,3570000
RADL3,2024-10-01,26.09,25.65,26.24,25.44,0.0318,11040000
RADL3,2024-09-30,25.29,25.4,25.57,25.12,-0.82,7370000
RADL3,2024-09-27,25.5,25.99,26.31,25.22,-2.17,10670000
RADL3,2024-09-26,26.06,26.18,26.36,25.84,0.0027,3750000
PNVL3,2025-09-26,9.71,9.61,9.76,9.61,0.001,105700
PNVL3,2025-09-25,9.7,9.79,9.82,9.64,-1.42,295100
PNVL3,2025-09-24,9.84,9.77,9.85,9.75,0.0092,175300
PNVL3,2025-09-23,9.75,9.73,9.89,9.68,0,190800
PNVL3,2025-09-22,9.75,9.85,9.85,9.62,-1.02,399300
PNVL3,2025-09-19,9.85,9.83,9.94,9.79,0.002,297200
PNVL3,2025-09-18,9.83,9.68,9.91,9.68,0.0051,199000
PNVL3,2025-09-17,9.78,9.6,9.93,9.6,0.0124,583000
PNVL3,2025-09-16,9.66,9.54,9.77,9.54,0.0115,313400
PNVL3,2025-09-15,9.55,9.65,9.77,9.54,-1.85,376200
PNVL3,2025-09-12,9.73,9.68,9.76,9.56,0.001,475700
PNVL3,2025-09-11,9.72,9.62,9.74,9.56,0.0157,267500
PNVL3,2025-09-10,9.57,9.58,9.69,9.48,0.0031,347100
PNVL3,2025-09-09,9.54,9.55,9.56,9.41,0,283200
PNVL3,2025-09-08,9.54,9.94,9.94,9.51,-3.05,462500
PNVL3,2025-09-05,9.84,9.83,9.9,9.77,0.0134,468000
PNVL3,2025-09-04,9.71,9.69,9.77,9.67,0.0031,228200
PNVL3,2025-09-03,9.68,9.77,9.84,9.61,-0.72,236700
PNVL3,2025-09-02,9.75,9.86,9.93,9.66,-2.01,693700
PNVL3,2025-09-01,9.95,10.19,10.19,9.85,-2.93,633200
PNVL3,2025-08-29,10.25,10.29,10.45,10.17,-0.97,500500
PNVL3,2025-08-28,10.35,10.34,10.52,10.25,0.0117,509100
PNVL3,2025-08-27,10.23,10.1,10.34,10.1,0.0119,499300
PNVL3,2025-08-26,10.11,10.07,10.18,9.97,0.004,347300
PNVL3,2025-08-25,10.07,10.05,10.2,9.97,0.008,363000
PNVL3,2025-08-22,9.99,9.78,10.19,9.76,0.0215,334800
PNVL3,2025-08-21,9.78,9.69,9.81,9.62,0.001,279700
PNVL3,2025-08-20,9.77,9.87,9.95,9.69,-0.61,353000
PNVL3,2025-08-19,9.83,9.85,9.85,9.65,-1.01,214800
PNVL3,2025-08-18,9.93,10.03,10.06,9.9,-0.6,421400
PNVL3,2025-08-15,9.99,10.11,10.22,9.8,-1.38,360800
PNVL3,2025-08-14,10.13,10.09,10.35,10.08,-0.69,153700
PNVL3,2025-08-13,10.2,10.3,10.3,10.08,-0.58,305900
PNVL3,2025-08-12,10.26,10.3,10.45,10.25,0.0039,235400
PNVL3,2025-08-11,10.22,10.3,10.35,10.08,0.001,327600
PNVL3,2025-08-08,10.21,10,10.31,9.99,0.019,519400
PNVL3,2025-08-07,10.02,9.95,10.18,9.53,0.0162,436400
PNVL3,2025-08-06,9.86,9.23,10.08,9.23,0.0625,773800
PNVL3,2025-08-05,9.28,9.39,9.41,9.19,-0.32,187700
PNVL3,2025-08-04,9.31,9.2,9.38,9.18,0.0208,189400
PNVL3,2025-08-01,9.12,9.1,9.44,9.1,0.0022,463600
PNVL3,2025-07-31,9.1,9.13,9.18,8.98,-0.22,242600
PNVL3,2025-07-30,9.12,9.17,9.33,9.03,-0.76,220800
PNVL3,2025-07-29,9.19,9.16,9.2,9.08,-0.33,147000
PNVL3,2025-07-28,9.22,9.16,9.34,9.16,-0.65,325000
PNVL3,2025-07-25,9.28,9.3,9.33,9.16,0.0022,167800
PNVL3,2025-07-24,9.26,9.16,9.35,9.14,-0.22,205500
PNVL3,2025-07-23,9.28,9.09,9.28,9.07,0.0076,239400
PNVL3,2025-07-22,9.21,9.15,9.32,9.1,-0.32,186300
PNVL3,2025-07-21,9.24,9.24,9.26,9.06,0.0165,823600
PNVL3,2025-07-18,9.09,9.46,9.46,9.09,-3.71,358500
PNVL3,2025-07-17,9.44,9.46,9.47,9.35,-0.63,176300
PNVL3,2025-07-16,9.5,9.4,9.55,9.33,0.0096,177000
PNVL3,2025-07-15,9.41,9.38,9.46,9.29,0.0011,103900
PNVL3,2025-07-14,9.4,9.23,9.6,9.23,0.0064,471100
PNVL3,2025-07-11,9.34,9.39,9.48,9.28,-0.85,235900
PNVL3,2025-07-10,9.42,9.41,9.47,9.24,-0.11,151400
PNVL3,2025-07-09,9.43,9.56,9.57,9.42,-2.58,318300
PNVL3,2025-07-08,9.68,9.69,9.69,9.42,-0.31,263200
PNVL3,2025-07-07,9.71,9.5,9.8,9.5,0.0178,646300
PNVL3,2025-07-04,9.54,9.6,9.63,9.47,0.0022,363000
PNVL3,2025-07-03,9.52,9.48,9.6,9.33,0.0021,273200
PNVL3,2025-07-02,9.5,9.59,9.63,9.03,-1.13,585200
PNVL3,2025-07-01,9.61,9.44,9.61,9.44,0.0211,216100
PNVL3,2025-06-30,9.41,9.41,9.54,9.36,-0.21,337600
PNVL3,2025-06-27,9.43,9.41,9.54,9.32,-0.63,311800
PNVL3,2025-06-26,9.49,9.45,9.54,9.37,0.0042,253100
PNVL3,2025-06-25,9.45,9.27,9.5,9.27,0.0172,596900
PNVL3,2025-06-24,9.29,9.09,9.6,9.02,0.0231,470600
PNVL3,2025-06-23,9.08,8.87,9.08,8.78,0.0134,463600
PNVL3,2025-06-20,8.96,8.93,9.01,8.71,-0.67,477800
PNVL3,2025-06-18,9.02,8.35,9.24,8.31,0.0828,1460000
PNVL3,2025-06-17,8.33,8.31,8.38,8.27,0.0012,170300
PNVL3,2025-06-16,8.32,8.23,8.39,8.15,0.0171,190400
PNVL3,2025-06-13,8.18,8.18,8.37,8.14,-1.56,365700
PNVL3,2025-06-12,8.31,8.13,8.31,8.1,0.0171,3920000
PNVL3,2025-06-11,8.17,8.2,8.27,8.13,-0.73,586700
PNVL3,2025-06-10,8.23,8.2,8.3,8.12,0.0049,304000
PNVL3,2025-06-09,8.19,8.31,8.37,8.06,-2.5,419000
PNVL3,2025-06-06,8.4,8.54,8.55,8.34,-0.59,280600
PNVL3,2025-06-05,8.45,8.53,8.59,8.45,-1.05,230800
PNVL3,2025-06-04,8.54,8.58,8.69,8.54,0.0012,150200
PNVL3,2025-06-03,8.53,8.61,8.66,8.52,-0.35,193800
PNVL3,2025-06-02,8.56,8.72,8.77,8.53,-1.61,287200
PNVL3,2025-05-30,8.7,8.77,8.78,8.64,-0.11,140800
PNVL3,2025-05-29,8.71,8.65,8.79,8.63,0.0023,247000
PNVL3,2025-05-28,8.69,8.87,8.9,8.68,-1.03,782000
PNVL3,2025-05-27,8.78,8.74,8.87,8.69,0.0092,780000
PNVL3,2025-05-26,8.7,8.7,8.81,8.66,-0.46,141500
PNVL3,2025-05-23,8.74,8.52,8.75,8.49,0.0175,392000
PNVL3,2025-05-22,8.59,8.72,8.79,8.59,-0.81,183600
PNVL3,2025-05-21,8.66,8.8,8.87,8.64,-2.15,617900
PNVL3,2025-05-20,8.85,8.85,8.89,8.72,0.0023,611600
PNVL3,2025-05-19,8.83,8.9,9.04,8.79,-1.34,402900
PNVL3,2025-05-16,8.95,9.04,9.15,8.9,-0.56,335600
PNVL3,2025-05-15,9,9.16,9.37,8.94,-1.75,956100
PNVL3,2025-05-14,9.16,9.3,9.4,9.09,-1.72,320400
PNVL3,2025-05-13,9.32,9.12,9.36,9.12,0.0197,784900
PNVL3,2025-05-12,9.14,9.18,9.18,8.99,-0.33,488500
PNVL3,2025-05-09,9.17,9.1,9.22,8.97,-0.33,294800
PNVL3,2025-05-08,9.2,9.02,9.44,8.98,0.02,574300
PNVL3,2025-05-07,9.02,9.08,9.1,8.9,-0.66,234200
PNVL3,2025-05-06,9.08,9.14,9.17,9.03,-0.77,241200
PNVL3,2025-05-05,9.15,9.03,9.21,8.8,0.0133,294700
PNVL3,2025-05-02,9.03,9.18,9.43,9.03,-1.63,290700
PNVL3,2025-04-30,9.18,9.1,9.24,8.97,0.0011,229700
PNVL3,2025-04-29,9.17,9.23,9.37,9.12,0.0022,332600
PNVL3,2025-04-28,9.15,8.89,9.27,8.89,0.0122,208500
PNVL3,2025-04-25,9.04,8.97,9.05,8.94,0.0067,271100
PNVL3,2025-04-24,8.98,8.81,9.24,8.66,0.031,567000
PNVL3,2025-04-23,8.71,8.9,8.95,8.69,-0.68,242600
PNVL3,2025-04-22,8.77,8.9,8.94,8.71,-1.46,153800
PNVL3,2025-04-17,8.9,8.67,8.96,8.67,0.016,174800
PNVL3,2025-04-16,8.76,8.86,8.9,8.66,-0.79,169000
PNVL3,2025-04-15,8.83,8.82,8.85,8.73,0.0068,127900
PNVL3,2025-04-14,8.77,8.73,8.96,8.73,0.0057,290100
PNVL3,2025-04-11,8.72,8.7,8.75,8.54,0.0023,399600
PNVL3,2025-04-10,8.7,8.77,8.89,8.53,-1.25,138900
PNVL3,2025-04-09,8.81,8.55,8.93,8.41,0.0304,284300
PNVL3,2025-04-08,8.55,8.53,8.74,8.5,0,170700
PNVL3,2025-04-07,8.55,8.7,8.9,8.49,-3.72,294700
PNVL3,2025-04-04,8.88,8.92,9,8.81,-2.09,251900
PNVL3,2025-04-03,9.07,8.92,9.34,8.91,0.0168,540200
PNVL3,2025-04-02,8.92,8.74,9.03,8.67,0.0206,245700
PNVL3,2025-04-01,8.74,8.65,8.78,8.53,0.0104,337800
PNVL3,2025-03-31,8.65,8.87,8.87,8.57,-2.48,204800
PNVL3,2025-03-28,8.87,8.81,9.02,8.73,0.0068,512900
PNVL3,2025-03-27,8.81,8.7,8.84,8.57,0.0229,241600
PNVL3,2025-03-26,8.61,8.63,8.72,8.51,0.0046,175000
PNVL3,2025-03-25,8.57,8.5,8.66,8.44,0.0081,156400
PNVL3,2025-03-24,8.5,8.69,8.7,8.43,-2.05,164800
PNVL3,2025-03-21,8.68,8.72,8.73,8.57,-0.45,177300
PNVL3,2025-03-20,8.72,8.75,8.76,8.6,-1.23,153100
PNVL3,2025-03-19,8.83,8.8,8.96,8.78,0.0011,169800
PNVL3,2025-03-18,8.82,8.7,8.82,8.61,0.0197,193600
PNVL3,2025-03-17,8.65,8.44,8.72,8.44,0.0153,153300
PNVL3,2025-03-14,8.52,8.48,8.63,8.43,0.0107,257400
PNVL3,2025-03-13,8.43,8.22,8.51,8.2,0.0231,219700
PNVL3,2025-03-12,8.24,8.14,8.24,8.13,0.0012,65900
PNVL3,2025-03-11,8.23,8.08,8.27,8.01,0.0073,197600
PNVL3,2025-03-10,8.17,8.06,8.29,8.06,-0.37,152500
PNVL3,2025-03-07,8.2,8,8.26,8,0.0123,196400
PNVL3,2025-03-06,8.1,7.95,8.32,7.91,0.0189,339500
PNVL3,2025-03-05,7.95,8.2,8.2,7.93,-3.05,299300
PNVL3,2025-02-28,8.2,7.89,8.2,7.89,0.0224,299300
PNVL3,2025-02-27,8.02,7.89,8.03,7.84,0.0165,188100
PNVL3,2025-02-26,7.89,8.03,8.06,7.88,-1.74,184700
PNVL3,2025-02-25,8.03,7.93,8.1,7.93,0.0025,98300
PNVL3,2025-02-24,8.01,8.18,8.23,7.94,-2.08,244200
PNVL3,2025-02-21,8.18,8.12,8.18,8.05,0.0012,229000
PNVL3,2025-02-20,8.17,8.16,8.2,8.03,0.0037,210100
PNVL3,2025-02-19,8.14,8.26,8.3,8.14,-2.28,175800
PNVL3,2025-02-18,8.33,8.52,8.52,8.27,-1.19,192600
PNVL3,2025-02-17,8.43,8.2,8.53,8.2,0.028,385800
PNVL3,2025-02-14,8.2,8,8.24,7.98,0.025,521800
PNVL3,2025-02-13,8,7.95,8,7.83,0.0076,361100
PNVL3,2025-02-12,7.94,8.1,8.1,7.94,-3.17,303800
PNVL3,2025-02-11,8.2,8.12,8.25,8.11,0.0037,349600
PNVL3,2025-02-10,8.17,8.16,8.25,8.09,0.0111,141400
PNVL3,2025-02-07,8.08,8.15,8.15,8,-0.86,230300
PNVL3,2025-02-06,8.15,8.16,8.18,8.07,0.0062,110600
PNVL3,2025-02-05,8.1,8.11,8.15,8,-0.49,169800
PNVL3,2025-02-04,8.14,8.22,8.22,8.09,-1.09,180200
PNVL3,2025-02-03,8.23,8.19,8.29,8.13,-0.84,296000
PNVL3,2025-01-31,8.3,8.57,8.59,8.29,-2.47,414100
PNVL3,2025-01-30,8.51,8.32,8.61,8.31,0.0228,488000
PNVL3,2025-01-29,8.32,8.11,8.55,8.1,0.0184,437400
PNVL3,2025-01-28,8.17,8.28,8.28,8.12,-1.68,234200
PNVL3,2025-01-27,8.31,8.21,8.34,8.18,0.0097,514600
PNVL3,2025-01-24,8.23,8.1,8.3,8.1,0,190600
PNVL3,2025-01-23,8.23,8.22,8.28,8.1,-0.6,311700
PNVL3,2025-01-22,8.28,8.32,8.39,8.21,-0.36,343500
PNVL3,2025-01-21,8.31,8.2,8.31,8.15,0.0134,267400
PNVL3,2025-01-20,8.2,8.08,8.4,8.08,-0.36,314600
PNVL3,2025-01-17,8.23,8.42,8.44,8.06,-2.02,552300
PNVL3,2025-01-16,8.4,8.72,8.72,8.38,-3.34,441700
PNVL3,2025-01-15,8.69,8.52,8.76,8.52,0.02,244100
PNVL3,2025-01-14,8.52,8.52,8.63,8.47,0,101800
PNVL3,2025-01-13,8.52,8.62,8.65,8.49,-1.39,272700
PNVL3,2025-01-10,8.64,8.82,8.85,8.62,-1.26,116500
PNVL3,2025-01-09,8.75,8.72,8.86,8.71,-0.34,91500
PNVL3,2025-01-08,8.78,8.76,8.78,8.61,0.0023,155400
PNVL3,2025-01-07,8.76,8.77,8.88,8.68,0.0115,180400
PNVL3,2025-01-06,8.66,8.54,8.69,8.5,0.0224,519300
PNVL3,2025-01-03,8.47,8.63,8.63,8.44,-1.51,282600
PNVL3,2025-01-02,8.6,8.79,8.82,8.56,-2.27,341700
PNVL3,2024-12-30,8.8,8.66,8.81,8.66,0.0115,289100
PNVL3,2024-12-27,8.7,8.7,8.74,8.62,0.0023,225200
PNVL3,2024-12-26,8.68,8.7,8.75,8.62,-1.14,248400
PNVL3,2024-12-23,8.78,8.83,8.85,8.69,-0.79,321700
PNVL3,2024-12-20,8.85,8.74,8.98,8.67,0.0126,510400
PNVL3,2024-12-19,8.74,8.68,8.78,8.58,0.0034,477900
PNVL3,2024-12-18,8.71,8.99,8.99,8.64,-3.11,394600
PNVL3,2024-12-17,8.99,9.05,9.12,8.86,0.0028,206200
PNVL3,2024-12-16,8.96,9.11,9.11,8.89,-1.63,377600
PNVL3,2024-12-13,9.11,9.33,9.34,9.04,-2.23,379400
PNVL3,2024-12-12,9.32,9.64,9.64,9.32,-3.29,357700
PNVL3,2024-12-11,9.64,9.55,9.76,9.45,0.0199,409400
PNVL3,2024-12-10,9.45,9.25,9.47,9.25,0.028,455500
PNVL3,2024-12-09,9.19,9.22,9.4,9.19,-1.69,628200
PNVL3,2024-12-06,9.35,9.4,9.43,9.19,-0.63,263700
PNVL3,2024-12-05,9.41,9.25,9.54,9.25,0.0182,295100
PNVL3,2024-12-04,9.24,9.2,9.45,8.71,-0.11,1310000
PNVL3,2024-12-03,9.25,9.32,9.32,9.16,-0.53,252800
PNVL3,2024-12-02,9.3,9.55,9.55,9.25,-0.63,226200
PNVL3,2024-11-29,9.36,9.1,9.36,8.95,0.0194,488100
PNVL3,2024-11-28,9.18,9.48,9.48,9.03,-3.13,708800
PNVL3,2024-11-27,9.48,9.54,9.71,9.41,-1.24,458600
PNVL3,2024-11-26,9.6,9.53,9.8,9.52,0.0073,365500
PNVL3,2024-11-25,9.53,9.48,9.63,9.44,0.0052,255600
PNVL3,2024-11-22,9.48,9.46,9.57,9.4,0.0031,702200
PNVL3,2024-11-21,9.45,9.66,9.66,9.45,-1.55,268200
PNVL3,2024-11-19,9.6,9.61,9.65,9.54,0,190200
PNVL3,2024-11-18,9.6,9.59,9.74,9.53,-0.51,214200
PNVL3,2024-11-14,9.65,9.67,9.81,9.57,-1.02,155700
PNVL3,2024-11-13,9.75,9.75,9.88,9.7,-0.3,260000
PNVL3,2024-11-12,9.78,9.93,9.94,9.76,-0.9,521300
PNVL3,2024-11-11,9.87,9.85,9.89,9.73,0.005,218400
PNVL3,2024-11-08,9.82,9.93,9.93,9.68,-1,335500
PNVL3,2024-11-07,9.91,9.99,10.22,9.89,-1.67,327900
PNVL3,2024-11-06,10.08,10.03,10.17,9.88,0.003,481000
PNVL3,2024-11-05,10.05,10.06,10.09,9.96,-0.1,233400
PNVL3,2024-11-04,10.06,9.76,10.09,9.76,0.0283,287600
PNVL3,2024-11-01,9.79,10,10.02,9.74,-2.37,777800
PNVL3,2024-10-31,10.02,10.03,10.14,9.99,-1.07,257400
PNVL3,2024-10-30,10.13,9.96,10.28,9.93,0.0139,391300
PNVL3,2024-10-29,9.99,9.91,10.04,9.86,0.003,280800
PNVL3,2024-10-28,9.96,9.92,10.01,9.9,0.002,277200
PNVL3,2024-10-25,9.94,9.9,10.04,9.8,0.002,271800
PNVL3,2024-10-24,9.92,9.89,9.92,9.69,0.003,330600
PNVL3,2024-10-23,9.89,9.75,9.89,9.64,0.0121,268700
PNVL3,2024-10-22,9.78,9.71,9.87,9.69,-0.4,242800
PNVL3,2024-10-21,9.82,9.89,9.95,9.74,-1.39,483600
PNVL3,2024-10-18,9.95,10.06,10.15,9.91,-0.89,208900
PNVL3,2024-10-17,10.04,10.18,10.18,9.97,-1.46,178600
PNVL3,2024-10-16,10.19,10.01,10.19,9.95,0.0128,331600
PNVL3,2024-10-15,10.06,10.06,10.21,9.95,0.0069,293400
PNVL3,2024-10-14,9.99,10.04,10.09,9.89,-0.49,199200
PNVL3,2024-10-11,10.04,10.04,10.05,9.92,-0.78,245500
PNVL3,2024-10-10,10.12,10.07,10.15,9.98,-0.39,279600
PNVL3,2024-10-09,10.16,10.35,10.35,10.08,-1.63,315000
PNVL3,2024-10-08,10.33,10.19,10.37,10.04,0.0136,219100
PNVL3,2024-10-07,10.19,10.27,10.28,10.06,-0.48,431700
PNVL3,2024-10-04,10.24,10.19,10.27,10.06,0.0049,162500
PNVL3,2024-10-03,10.19,10.33,10.33,10.02,-1.99,384000
PNVL3,2024-10-02,10.4,10.26,10.47,10.23,0.0251,357200
PNVL3,2024-10-01,10.14,9.83,10.15,9.83,0.0248,297900
PNVL3,2024-09-30,9.9,9.97,10.02,9.86,-0.69,476300
PNVL3,2024-09-27,9.97,9.77,9.99,9.77,0.0211,313600
PNVL3,2024-09-26,9.76,9.82,9.82,9.66,-0.5,283500